contest,total.votes,year,city,office,state,council.manager,pres_pctD_08,pres_pctD_16,pres_pctD_20,month,incumbent,margin,pop.estimate,percent_men,percent_women,percent_white,percent_black,percent_hispanic,percent_asian_american,turnout,log.pop,concurrent,gubernatorial,meanD,mayor,concurrent_pres,concurrent_mid,mayor_elec,same_months,has_mayor,distance,weights,subclass
1304204_2010_11_augusta-richmond county_GA_City Council_synthetic at-large c_1,49299,2010,augusta-richmond county consolidated government (balance),City Council,Georgia,1,0.60011458034947,0.672923154616615,0.695059543737147,11,0,56.55434407222853,145201,48.2,51.8,41.8,56,4,2.2,33.95224550795105,11.88587426840146,midterm,1,0.6560324262344106,0,0,1,0,1,1,0.516832722900901,1,22
1304204_2010_11_augusta-richmond county_GA_Mayor_mayor_1,49299,2010,augusta-richmond county consolidated government (balance),Mayor,Georgia,1,0.60011458034947,0.672923154616615,0.695059543737147,11,1,56.55434407222853,145201,48.2,51.8,41.8,56,4,2.2,33.95224550795105,11.88587426840146,midterm,1,0.6560324262344106,1,0,1,1,1,1,0.31438848872591846,1,83
3451000_2010_5_newark_NJ_Mayor_mayor_1,38462,2010,newark city,Mayor,New Jersey,0,0.944970561893436,0.932894904865279,0.876765132432639,5,1,25.26504199366653,203990,49.6,50.4,30.7,56.2,32.6,1.8,18.854845825775772,12.22582625201701,none,0,0.9182101997304514,1,0,0,1,1,1,0.39256538609254804,1,1
3825700_2010_6_fargo_ND_Mayor_mayor_1,9473,2010,fargo city,Mayor,North Dakota,1,0.552027406042151,0.490412731892047,0.542139277235558,6,1,92.64059753954304,82497,50.4,49.6,92.9,2.7,2.1,2.9,11.48284180030789,11.320517208025237,none,0,0.5281931383899187,1,0,0,1,NA,1,0.5599957747444742,1,44
4419180_2010_11_cranston_RI_City Council_synthetic at-large c_3,63077,2010,cranston city,City Council,Rhode Island,0,0.610997792617843,0.541173761621046,0.571700586067905,11,0,1.0659502556547362,63534,49.3,50.7,83.9,5.2,10,5.4,99.28070009758557,11.059330474658507,midterm,1,0.5746240467689313,0,0,1,0,1,1,0.8665713554981624,1,12
4419180_2010_11_cranston_RI_Mayor_mayor_1,27278,2010,cranston city,Mayor,Rhode Island,0,0.610997792617843,0.541173761621046,0.571700586067905,11,1,52.60649607742503,63534,49.3,50.7,83.9,5.2,10,5.4,42.93449176818711,11.059330474658507,midterm,1,0.5746240467689313,1,0,1,1,1,1,0.687493269224429,1,23
4459000_2010_11_providence_RI_Mayor_mayor_1,33534,2010,providence city,Mayor,Rhode Island,0,0.834484019935074,0.854650722773027,0.819127778961574,11,0,64.17963857577384,135708,48,52,51.1,17.5,38.2,7.1,24.710407639932797,11.818260797659327,midterm,1,0.8360875072232249,1,0,1,1,NA,1,0.7105894493216585,1,34
4845000_2010_5_lubbock_TX_Mayor_mayor_1,11483,2010,lubbock city,Mayor,Texas,1,0.333504085559359,0.329988999483108,0.376480010389835,5,1,51.74997535245983,170897,49.2,50.8,79.9,8.9,31.2,2.7,6.7192519470792345,12.048816314824387,none,0,0.34665769847743394,1,0,0,1,NA,1,0.593948319874505,1,48
541000_2010_11_little rock_AR_Mayor_mayor_1,54251,2010,little rock city,Mayor,Arkansas,1,0.43649422168759,0.693844715201188,0.708625316833159,11,1,69.47153047870086,143665,47.7,52.3,52.6,43.1,6.4,2.8,37.76215501339923,11.87523947942241,midterm,1,0.612988084573979,1,0,1,1,1,1,0.3728850201179258,1,47
614890_2010_11_colton_CA_Mayor_mayor_1,8185,2010,colton city,Mayor,California,1,0.698407718252412,0.735365949736075,0.684306035239712,11,1,19.63347587049481,35365,48.8,51.2,53.7,11.5,68.1,6.2,23.144351760214903,10.473477909470091,midterm,1,0.706026567742733,1,0,1,1,NA,1,0.776901487711177,1,73
937000_2010_6_hartford_CT_Mayor_mayor_1,1,2010,hartford city,Mayor,Connecticut,0,0.921979841403549,0.923083936060293,0.87302958324336,6,0,100,90847,48.6,51.4,34,39.3,42,3.1,0.00110075181348861,11.416932051815143,none,0,0.906031120235734,1,0,0,1,1,1,0.4240448563064727,1,45
1230000_2011_11_hialeah_FL_Mayor_mayor_1,30853,2011,hialeah city,Mayor,Florida,0,0.359791444023446,0.498377928341755,0.327025900565645,11,1,21.680225585842543,183880,48,52,93.7,2.4,94.9,0.5,16.77887752882315,12.122038649920164,none,0,0.39506509097694864,1,0,0,1,NA,1,0.612868919079508,1,56
1714000_2011_2_chicago_IL_Mayor_mayor_1,590391,2011,chicago city,Mayor,Illinois,0,0.861763339177313,0.870783569275384,0.838905094905095,2,0,39.58922831129333,2069527,48.6,51.4,46.4,34.1,28.1,5.9,28.527823024294925,14.542830636715438,none,0,0.8571506677859307,1,0,0,1,NA,1,0.640696506362616,1,67
1805860_2011_11_bloomington_IN_Mayor_mayor_1,3969,2011,bloomington city,Mayor,Indiana,0,0.755401351474198,0.78289886066148,0.80499599902585,11,1,100,70884,50.3,49.7,85.4,5.4,3.3,9.2,5.599288979177247,11.168800017095236,none,0,0.7810987370538426,1,0,0,1,NA,1,0.7998866517643799,1,78
1827000_2011_11_gary_IN_Mayor_mayor_1,13316,2011,gary city,Mayor,Indiana,0,0.970764486121907,0.950217066400968,0.928521972875005,11,0,84.02889245585875,60381,45.5,54.5,13.9,84.7,3.8,0.5,22.0532949106507,11.008429764899107,none,0,0.94983450846596,1,0,0,1,NA,1,0.13441791539007322,1,89
1840788_2011_11_lafayette_IN_City Council_synthetic at-large d_1,21723,2011,lafayette city,City Council,Indiana,0,0.597614221113363,0.495025681365971,0.536683022571148,11,1,2.356902356902357,50799,48.6,51.4,88.9,7.5,11.2,1.9,42.76265280812615,10.83563194833345,none,0,0.543107641683494,0,0,0,0,1,1,0.7716015927281896,1,2
1840788_2011_11_lafayette_IN_Mayor_mayor_1,6074,2011,lafayette city,Mayor,Indiana,0,0.597614221113363,0.495025681365971,0.536683022571148,11,1,100,50799,48.6,51.4,88.9,7.5,11.2,1.9,11.956928285989882,10.83563194833345,none,0,0.543107641683494,1,0,0,1,1,1,0.4692482250775943,1,3
1851876_2011_11_muncie_IN_Mayor_mayor_1,13857,2011,muncie city,Mayor,Indiana,0,0.665879574970484,0.540547118380062,0.548430015965939,11,0,12.910442375694595,57675,47.4,52.6,88,10.6,2.3,1.9,24.0260078023407,10.962579083041954,none,0,0.5849522364388283,1,0,0,1,NA,1,0.5173453380859818,1,4
1973335_2011_11_sioux city_IA_Mayor_mayor_1,10492,2011,sioux city city,Mayor,Iowa,1,0.477215560105294,0.44558093346574,0.474094141550965,11,0,1.0484178421654593,60455,49.1,50.9,82.8,4.6,15.9,3.4,17.35505748077082,11.009654565608349,none,0,0.465630211707333,1,0,0,1,1,1,0.6625295141051984,1,58
2079000_2011_4_wichita_KS_Mayor_mayor_1,24679,2011,wichita city,Mayor,Kansas,0,0.4755298008442,0.456367895039552,0.496969333253316,4,1,39.51942947445196,277557,49.2,50.8,77,13.1,14.5,5.6,8.891506969739549,12.53378159648123,none,0,0.476289009712356,1,0,0,1,NA,1,0.701071355968709,1,5
2545000_2011_11_new bedford_MA_Mayor_mayor_1,18915,2011,new bedford city,Mayor,Massachusetts,0,0.752100840336134,0.668358007643148,0.621278957669948,11,0,4.425059476605869,72227,46.8,53.2,81.3,10.7,15.1,1.4,26.18826754537777,11.187569216193683,none,0,0.6805792685497433,1,0,0,1,1,1,0.5114874526925198,1,6
2634000_2011_11_grand rapids_MI_Mayor_mayor_1,17360,2011,grand rapids city,Mayor,Michigan,1,0.664308194704087,0.675904452690167,0.714555984150174,11,1,62.8110599078341,142164,48.7,51.3,69.9,23.9,15.8,2.2,12.211248980051208,11.86473659974276,none,0,0.684922877181476,1,0,0,1,NA,1,0.4685365860552414,1,46
3702140_2011_11_asheville_NC_City Council_at-large a_3,39354,2011,asheville city,City Council,North Carolina,1,0.776959693161193,0.767251361667453,0.79849615622019,11,1,3.2897064025468694,66347,47.5,52.5,83.3,14.4,6.3,1.7,59.31541742656036,11.102653823967977,none,0,0.7809024036829454,0,0,0,0,1,1,0.7271090561219958,1,65
3774440_2011_11_wilmington_NC_City Council_synthetic at-large d_3,31045,2011,wilmington city,City Council,North Carolina,1,0.556261185843773,0.566009812269391,0.580486269572744,11,1,1.4823907090926258,85695,47.5,52.5,74.5,22,5.5,1.3,36.22731781317463,11.358549759826673,none,0,0.5675857558953027,0,0,0,0,1,1,0.6862822345367325,1,23
3774440_2011_11_wilmington_NC_Mayor_mayor_1,11219,2011,wilmington city,Mayor,North Carolina,1,0.556261185843773,0.566009812269391,0.580486269572744,11,1,42.57955254479009,85695,47.5,52.5,74.5,22,5.5,1.3,13.091778983604645,11.358549759826673,none,0,0.5675857558953027,1,0,0,1,1,1,0.42571428333482775,1,21
3925256_2011_11_elyria_OH_Mayor_mayor_1,13197,2011,elyria city,Mayor,Ohio,0,0.650897295475609,0.564294815250417,0.549272879047494,11,0,37.53125710388725,41626,47.8,52.2,84.4,16.4,4.3,1,31.70374285302455,10.636480251018195,none,0,0.5881549965911734,1,0,0,1,NA,1,0.4281957934422188,1,7
4263624_2011_11_reading_PA_Mayor_mayor_1,7830,2011,reading city,Mayor,Pennsylvania,0,0.814846954875355,0.806429922252574,0.728532212404564,11,0,16.832694763729247,60769,48.3,51.7,56.9,15.2,55.9,1.5,12.884859056426798,11.014835069506102,none,0,0.783269696510831,1,0,0,1,NA,1,0.5536996757784787,1,8
4550875_2011_11_north charleston_SC_Mayor_mayor_1,7841,2011,north charleston city,Mayor,South Carolina,0,0.621082836215359,0.626045682217502,0.657308046077701,11,0,56.07703099094503,71823,50.2,49.8,47.5,47.2,11.1,2.8,10.917115687175418,11.181960038002089,none,0,0.6348121881701874,1,0,0,1,NA,1,0.40799418114497626,1,9
4748000_2011_10_memphis_TN_Mayor_mayor_1,73881,2011,memphis city,Mayor,Tennessee,0,0.760758553138109,0.776561938029945,0.779222209981271,10,1,40.03295369139157,482288,47.6,52.4,32.2,63.6,6.2,1.9,15.318855123909364,13.086296724967934,none,0,0.7721809003831083,1,0,0,1,NA,1,0.30276068810297213,1,10
843000_2011_11_lakewood_CO_Mayor_mayor_1,29480,2011,lakewood city,Mayor,Colorado,1,0.595907853951715,0.590253255352019,0.644539590623009,11,1,64.76255088195387,113809,50,50,89.3,2.7,20.7,3.7,25.903048089342672,11.642276883663218,none,0,0.6102335666422477,1,0,0,1,NA,1,0.646117959557588,1,29
908000_2011_11_bridgeport_CT_Mayor_mayor_1,12218,2011,bridgeport city,Mayor,Connecticut,0,0.839265864683941,0.83196557553404,0.801479408236705,11,1,43.220986501400795,105722,48.3,51.7,49.8,35.9,36.7,3.9,11.556724239042016,11.568568286435614,none,0,0.8242369494848955,1,0,0,1,NA,1,0.5431209798534077,1,11
908420_2011_11_bristol_CT_Mayor_mayor_1,8798,2011,bristol city,Mayor,Connecticut,0,0.610111200275135,0.494990297413964,0.527785363189514,11,1,2.341441236644692,47331,48.8,51.2,90,5.1,9.5,2.3,18.588240265365194,10.764920750925564,none,0,0.5442956202928709,1,0,0,1,NA,1,0.6087232029075759,1,13
937000_2011_11_hartford_CT_City Council_synthetic at-large d_9,20142,2011,hartford city,City Council,Connecticut,0,0.921979841403549,0.923083936060293,0.87302958324336,11,1,3.9219670798618167,91628,48,52,35.1,39.8,42.4,2.9,21.98236346968176,11.425492180808464,none,0,0.906031120235734,0,0,0,0,1,1,0.7306504440619382,1,14
937000_2011_11_hartford_CT_Mayor_mayor_1,4066,2011,hartford city,Mayor,Connecticut,0,0.921979841403549,0.923083936060293,0.87302958324336,11,1,78.70270270270271,91628,48,52,35.1,39.8,42.4,2.9,4.437508185270878,11.425492180808464,none,0,0.906031120235734,1,0,0,1,1,1,0.4407435086616349,1,15
952000_2011_11_new haven_CT_Mayor_mayor_1,15462,2011,new haven city,Mayor,Connecticut,1,0.884686722460982,0.888301221508626,0.8538469058559,11,1,10.707122986349226,100051,47.5,52.5,48.6,36.5,26.3,5.3,15.454118399616195,11.513435334964427,none,0,0.8756116166085026,1,0,0,1,NA,1,0.6196836604227223,1,55
980000_2011_11_waterbury_CT_Mayor_mayor_1,16636,2011,waterbury city,Mayor,Connecticut,0,0.638029361942405,0.607515210811141,0.603778337531486,11,1,13.060832286200014,81281,46.6,53.4,62.6,23,30.1,2,20.467267873180695,11.305667565886232,none,0,0.6164409700950108,1,0,0,1,NA,1,0.5078119655539183,1,16
4419180_2012_11_cranston_RI_Mayor_mayor_1,27772,2012,cranston city,Mayor,Rhode Island,0,0.610997792617843,0.541173761621046,0.571700586067905,11,1,100,64491,49.4,50.6,83.7,6.2,10.8,5.4,43.06337318385511,11.074280958164245,president,0,0.5746240467689313,1,1,0,1,1,1,0.7762827746066264,1,17
4733280_2012_11_hendersonville_TN_Mayor_mayor_1,14321,2012,hendersonville city,Mayor,Tennessee,0,0.303609562998073,0.285794246053957,0.347683406019258,11,1,10.425249633405487,37705,48.8,51.2,89,8,4.2,2.3,37.98170003978253,10.537547990636748,president,0,0.3123624050237626,1,1,0,1,NA,1,0.7206284806577785,1,18
4845000_2012_5_lubbock_TX_Mayor_mayor_1,19060,2012,lubbock city,Mayor,Texas,1,0.333504085559359,0.329988999483108,0.376480010389835,5,1,30.713536201469044,176487,49.2,50.8,80.7,9,32.6,2.9,10.799662298072946,12.081002498251936,none,0,0.34665769847743394,1,0,0,1,NA,1,0.627430738168464,1,56
550450_2012_11_north little rock_AR_Mayor_mayor_1,13816,2012,north little rock city,Mayor,Arkansas,0,0.636007084399959,0.601118037004057,0.63039963039963,11,0,9.467284308048638,46763,48.3,51.7,57.6,41.4,6.2,0.8,29.54472553086842,10.752847570927493,president,0,0.6225082506012153,1,1,0,1,NA,1,0.5099323305583757,1,19
648354_2012_2_modesto_CA_Mayor_mayor_1,27693,2012,modesto city,Mayor,California,1,0.539128488285331,0.531079175447214,0.540530956714971,2,1,12.40385657025241,146935,48.1,51.9,78.3,5.4,36.5,8.8,18.847109266001976,11.897745591101105,none,0,0.5369128734825053,1,0,0,1,NA,1,0.8546573475888389,1,53
660466_2012_11_rialto_CA_City Council_synthetic at-large a_2,30420,2012,rialto city,City Council,California,1,0.736879714172291,0.774634680003126,0.718330405787609,11,1,6.133569889747814,66141,49.9,50.1,62.7,16.4,69,3.8,45.99265206150497,11.09954410586509,president,0,0.7432815999876753,0,1,0,0,1,1,0.9172966287031908,1,61
1230000_2013_11_hialeah_FL_Mayor_mayor_1,18256,2013,hialeah city,Mayor,Florida,0,0.359791444023446,0.498377928341755,0.327025900565645,11,1,67.62012436404748,187550,47.6,52.4,94.5,2.3,95.1,0.5,9.733937616635563,12.141800755510031,none,0,0.39506509097694864,1,0,0,1,NA,1,0.557610803511981,1,20
1245000_2013_11_miami_FL_Mayor_mayor_1,26169,2013,miami city,Mayor,Florida,1,0.608076882680391,0.705214823053742,0.596543778801843,11,1,77.84553730888182,331970,49.9,50.1,75.9,20.3,70.3,1.1,7.882941229629184,12.71279988237,none,0,0.6366118281786587,1,0,0,1,NA,1,0.5008062520824064,1,87
1756640_2013_4_orland park_IL_Mayor_mayor_1,4346,2013,orland park village,Mayor,Illinois,1,0.471034088745001,0.447377442577991,0.4757333166552,4,1,100,45574,46.5,53.5,90.8,2.8,6.2,6.7,9.536139026637995,10.72709265745205,none,0,0.464714949326064,1,0,0,1,NA,1,0.6795753872610701,1,66
2071000_2013_4_topeka_KS_Mayor_mayor_1,10951,2013,topeka city,Mayor,Kansas,1,0.550494174810888,0.553690226369603,0.587079755289892,4,0,32.754999543420695,96600,48.1,51.9,82.1,13.9,13.6,2.2,11.336438923395445,11.47833402020061,none,0,0.5637547188234611,1,0,0,1,NA,1,0.5208248464083076,1,4
2208920_2013_4_bossier city_LA_Mayor_mayor_1,1,2013,bossier city city,Mayor,Louisiana,0,0.353473322768093,0.392052384926494,0.448901797059357,4,1,100,47520,47.8,52.2,68.4,28.4,6.9,2.9,0.0021043771043771,10.768905954036526,none,0,0.398142501584648,1,0,0,1,NA,1,0.41480381703655844,1,21
2537490_2013_11_lynn_MA_Mayor_mayor_1,15661,2013,lynn city,Mayor,Massachusetts,1,0.699292981548543,0.70417791898332,0.702881409068886,11,1,18.229998084413513,67718,48.1,51.9,63,17.2,32.7,7.4,23.12679051360052,11.123107302438244,none,0,0.7021174365335829,1,0,0,1,NA,1,0.7762401990701195,1,17
2674900_2013_11_southfield_MI_Mayor_mayor_1,9966,2013,southfield city,Mayor,Michigan,1,0.889890851173467,0.892974753018661,0.877868068833652,11,1,100,57083,44.7,55.3,26.5,72.7,1.6,2.2,17.45878808051434,10.952261628023257,none,0,0.8869112243419267,1,0,0,1,NA,1,0.19620432121571305,1,89
2686000_2013_11_westland_MI_Mayor_mayor_1,5634,2013,westland city,Mayor,Michigan,0,0.659933627740469,0.587671348078379,0.598543834263534,11,1,100,65729,46.8,53.2,78.1,18.4,2.6,3.9,8.57155897701167,11.09329550738866,none,0,0.6153829366941274,1,0,0,1,NA,1,0.4871926198614553,1,22
3451000_2013_11_newark_NJ_Mayor_mayor_1,1,2013,newark city,Mayor,New Jersey,0,0.944970561893436,0.932894904865279,0.876765132432639,11,0,100,206586,50,50,31.2,55.7,34.1,1.8,4.8405990725412177e-4,12.238472069576831,midterm,1,0.9182101997304514,1,0,1,1,1,1,0.30021435656972156,1,24
3702140_2013_11_asheville_NC_City Council_at-large b_3,32521,2013,asheville city,City Council,North Carolina,1,0.776959693161193,0.767251361667453,0.79849615622019,11,1,1.068988318271986,68422,47.5,52.5,84.5,13.4,6.8,1.9,47.53003419952647,11.133449689323314,none,0,0.7809024036829454,0,0,0,0,1,1,0.7405460000896166,1,76
3702140_2013_11_asheville_NC_Mayor_mayor_1,12131,2013,asheville city,Mayor,North Carolina,1,0.776959693161193,0.767251361667453,0.79849615622019,11,0,37.51545626906273,68422,47.5,52.5,84.5,13.4,6.8,1.9,17.729677589079536,11.133449689323314,none,0,0.7809024036829454,1,0,0,1,1,1,0.4851500361571155,1,27
3774440_2013_11_wilmington_NC_Mayor_mayor_1,6744,2013,wilmington city,Mayor,North Carolina,1,0.556261185843773,0.566009812269391,0.580486269572744,11,1,100,88644,47.6,52.4,76.5,20.6,5.6,1.7,7.607959929606064,11.392383627316738,none,0,0.5675857558953027,1,0,0,1,1,1,0.3883579402976303,1,54
3915000_2013_11_cincinnati_OH_Mayor_mayor_1,57716,2013,cincinnati city,Mayor,Ohio,1,0.754824251682543,0.780373070026315,0.78724507944036,11,1,15.836163282278743,231218,47.9,52.1,53.2,45.3,3.1,2.4,24.96172443321887,12.351116267421125,none,0,0.7741474670497394,1,0,0,1,NA,1,0.41814238967280176,1,9
4714000_2013_3_chattanooga_TN_Mayor_mayor_1,17789,2013,chattanooga city,Mayor,Tennessee,0,0.505216412689722,0.562444612732224,0.589840324085031,3,0,50.6830122591944,134224,47.9,52.1,60.6,35.4,5.4,2.5,13.253218500417214,11.807265325086076,none,0,0.552500449835659,1,0,0,1,NA,1,0.41387029514827123,1,25
4824000_2013_6_el paso_TX_Mayor_mayor_1,44762,2013,el paso city,Mayor,Texas,1,0.654364766929319,0.718874742997211,0.681157006190208,6,0,48.64840713104866,472712,48.2,51.8,83.7,4,80,1.8,9.469190543079083,13.066241602539073,none,0,0.6847988387055793,1,0,0,1,NA,1,0.6139923722687078,1,59
4848072_2013_11_midland_TX_Mayor_mayor_1,13627,2013,midland city,Mayor,Texas,1,0.230103009725499,0.231023102310231,0.236808051761323,11,0,38.49509269356598,83836,48.9,51.1,83.2,8.6,39,1.7,16.25435373825087,11.33661778849305,none,0,0.2326447212656843,1,0,0,1,0,1,0.5540695928963416,1,74
644000_2013_5_los angeles_CA_Mayor_mayor_1,409909,2013,los angeles city,Mayor,California,0,0.795885053415068,0.827342780032484,0.78129834964421,5,0,8.463097907096452,2960462,49.7,50.3,55.1,10.3,48.6,12.7,13.846115910286978,14.90085589520194,none,0,0.801508727697254,1,0,0,1,NA,1,0.9314255871973818,1,26
655156_2013_11_palmdale_CA_Mayor_mayor_1,9396,2013,palmdale city,Mayor,California,1,0.62821910129854,0.661098228155886,0.64619527734901006,11,1,48.61650181545011,103452,48.7,51.3,45.8,16.2,54.7,5.6,9.082473030970885,11.546863015997925,none,0,0.6451708689344787,1,0,0,1,1,1,0.7152471935503032,1,41
952000_2013_11_new haven_CT_Mayor_mayor_1,20788,2013,new haven city,Mayor,Connecticut,1,0.884686722460982,0.888301221508626,0.8538469058559,11,0,9.322686165095249,101630,47.5,52.5,46.6,36.3,25.8,5.6,20.45459018006494,11.529094046131812,none,0,0.8756116166085026,1,0,0,1,NA,1,0.6240086176866022,1,11
980000_2013_11_waterbury_CT_Mayor_mayor_1,11538,2013,waterbury city,Mayor,Connecticut,0,0.638029361942405,0.607515210811141,0.603778337531486,11,1,54.03045685279188,82406,47.6,52.4,63.6,22.9,33.8,1.8,14.00140766449045,11.319413528780622,none,0,0.6164409700950108,1,0,0,1,NA,1,0.4695908308178821,1,27
1304204_2014_5_augusta-richmond county_GA_City Council_synthetic at-large c_1,27532,2014,augusta-richmond county consolidated government (balance),City Council,Georgia,1,0.60011458034947,0.672923154616615,0.695059543737147,5,0,59.74477958236659,149058,48.4,51.6,41,57,4.4,2.4,18.470662426706383,11.912090770929863,none,0,0.6560324262344106,0,0,0,0,1,1,0.5363994981316293,1,19
1304204_2014_5_augusta-richmond county_GA_Mayor_mayor_1,27532,2014,augusta-richmond county consolidated government (balance),Mayor,Georgia,1,0.60011458034947,0.672923154616615,0.695059543737147,5,0,59.74477958236659,149058,48.4,51.6,41,57,4.4,2.4,18.470662426706383,11.912090770929863,none,0,0.6560324262344106,1,0,0,1,1,1,0.3211471148786845,1,10
2717288_2014_11_eagan_MN_Mayor_mayor_1,18680,2014,eagan city,Mayor,Minnesota,0,0.556295317933098,0.596122171814951,0.648506821868142,11,0,100,49144,50.1,49.9,83.4,7.1,4.7,9.1,38.01074393618753,10.802510042843764,midterm,1,0.6003081038720637,1,0,1,1,NA,1,0.7726422714079048,1,28
2735180_2014_11_lakeville_MN_Mayor_mayor_1,15251,2014,lakeville city,Mayor,Minnesota,0,0.448431997316787,0.43567758509955,0.495098398728762,11,0,100,40011,49.2,50.8,91.7,2.7,3.6,5.6,38.11701782009948,10.596909695290504,midterm,1,0.459735993715033,1,0,1,1,1,1,0.636630861446982,1,29
3451000_2014_5_newark_NJ_City Council_synthetic at-large c_4,99083,2014,newark city,City Council,New Jersey,0,0.944970561893436,0.932894904865279,0.876765132432639,5,1,6.081616481774961,207050,49.9,50.1,28.4,53.9,34.8,2.2,47.85462448683893,12.240715588973714,none,0,0.9182101997304514,0,0,0,0,1,1,0.6657279353428637,1,30
3451000_2014_5_newark_NJ_Mayor_mayor_1,44951,2014,newark city,Mayor,New Jersey,0,0.944970561893436,0.932894904865279,0.876765132432639,5,0,8.375786968031857,207050,49.9,50.1,28.4,53.9,34.8,2.2,21.710214923931417,12.240715588973714,none,0,0.9182101997304514,1,0,0,1,1,1,0.4345670335556197,1,31
3825700_2014_6_fargo_ND_Mayor_mayor_1,13751,2014,fargo city,Mayor,North Dakota,1,0.552027406042151,0.490412731892047,0.542139277235558,6,1,12.44273143771362,88969,49.7,50.3,91.5,3.9,2.8,3.5,15.455945329271994,11.396043273431912,none,0,0.5281931383899187,1,0,0,1,NA,1,0.6619699616348893,1,85
4419180_2014_11_cranston_RI_City Council_synthetic at-large c_3,62153,2014,cranston city,City Council,Rhode Island,0,0.610997792617843,0.541173761621046,0.571700586067905,11,1,4.1638283378746594,65038,49.6,50.4,84.8,6.2,11.5,6.1,95.56413173836836,11.082726993441389,midterm,1,0.5746240467689313,0,0,1,0,1,1,0.8856579840360419,1,32
4459000_2014_11_providence_RI_Mayor_mayor_1,38335,2014,providence city,Mayor,Rhode Island,0,0.834484019935074,0.854650722773027,0.819127778961574,11,1,7.288457932660113,138038,48.3,51.7,53.6,18.6,40.4,7,27.771338327127314,11.835284288552938,midterm,1,0.8360875072232249,1,0,1,1,NA,1,0.7675908620484846,1,33
4845000_2014_5_lubbock_TX_Mayor_mayor_1,1,2014,lubbock city,Mayor,Texas,1,0.333504085559359,0.329988999483108,0.376480010389835,5,1,100,181351,48.9,51.1,80.3,9.1,33.2,3.1,5.514168656362523e-4,12.108189658894908,none,0,0.34665769847743394,1,0,0,1,NA,1,0.5571297094460508,1,94
4848072_2014_5_midland_TX_City Council_synthetic at-large c_1,2265,2014,midland city,City Council,Texas,1,0.230103009725499,0.231023102310231,0.236808051761323,5,0,32.803532008830025,86791,49,51,82.5,8.8,40.4,1.8,2.60971759744674,11.371258208636666,none,0,0.2326447212656843,0,0,0,0,0,1,0.762499456811248,1,69
5157000_2014_5_norfolk_VA_Mayor_mayor_1,15676,2014,norfolk city,Mayor,Virginia,1,0.712487081894487,0.725714285714286,0.733247613304052,5,1,62.98978778880278,194494,52.1,47.9,50.7,44.7,7.1,4.5,8.059888736927617,12.17815659323577,none,0,0.7238163269709417,1,0,0,1,NA,1,0.527575860655033,1,60
541000_2014_11_little rock_AR_Mayor_mayor_1,52046,2014,little rock city,Mayor,Arkansas,1,0.43649422168759,0.693844715201188,0.708625316833159,11,1,100,149002,47.4,52.6,53.4,43,5.8,3.6,34.929732486812256,11.911715007656303,midterm,1,0.612988084573979,1,0,1,1,1,1,0.37276647019039966,1,92
614890_2014_11_colton_CA_Mayor_mayor_1,5336,2014,colton city,Mayor,California,1,0.698407718252412,0.735365949736075,0.684306035239712,11,0,24.13793103448276,36026,49.8,50.2,61,9,72.4,4.5,14.811525009715206,10.491996178983504,midterm,1,0.706026567742733,1,0,1,1,NA,1,0.7242643036033628,1,35
656784_2014_11_petaluma_CA_Mayor_mayor_1,14003,2014,petaluma city,Mayor,California,1,0.758853541416567,0.770701374942067,0.770959324635457,11,1,1.5068199671498963,45143,48.1,51.9,83.2,1.5,23.4,6.2,31.019205635425205,10.71759050806569,midterm,1,0.7668380803313637,1,0,1,1,1,1,0.775425545607907,1,77
685292_2014_4_whittier_CA_City Council_synthetic at-large c_2,9628,2014,whittier city,City Council,California,1,0.597963372276602,0.650529309527571,0.641721727472948,4,1,2.523431867339582,65304,48.5,51.5,60.5,1.5,66.9,5.1,14.743354159010169,11.086808569131192,none,0,0.6300714697590403,0,0,0,0,0,1,0.9020039446520669,1,90
1714000_2015_4_chicago_IL_Mayor_mayor_1,590733,2015,chicago city,Mayor,Illinois,0,0.861763339177313,0.870783569275384,0.838905094905095,4,1,12.460620957352983,2114088,48.5,51.5,50.6,32.3,29.1,6.8,27.942687343194795,14.564134071792855,none,0,0.8571506677859307,1,0,0,1,NA,1,0.7221171787444175,1,35
1805860_2015_11_bloomington_IN_Mayor_mayor_1,8070,2015,bloomington city,Mayor,Indiana,0,0.755401351474198,0.78289886066148,0.80499599902585,11,0,54.845105328376704,73220,49.8,50.2,84.7,6,4.1,10.7,11.021578803605571,11.201223886674228,none,0,0.7810987370538426,1,0,0,1,NA,1,0.8586917140559405,1,36
1827000_2015_11_gary_IN_Mayor_mayor_1,9683,2015,gary city,Mayor,Indiana,0,0.970764486121907,0.950217066400968,0.928521972875005,11,1,63.949378634135215,57359,45,55,14,83.6,5.8,0.8,16.881396119179204,10.957085041369789,none,0,0.94983450846596,1,0,0,1,NA,1,0.15929555760526953,1,37
1840788_2015_11_lafayette_IN_City Council_synthetic at-large d_1,12822,2015,lafayette city,City Council,Indiana,0,0.597614221113363,0.495025681365971,0.536683022571148,11,0,0.769342429960807,54319,48,52,88.2,9.4,12.6,2.1,23.605000092048822,10.902629352637495,none,0,0.543107641683494,0,0,0,0,1,1,0.761501753458098,1,38
1840788_2015_11_lafayette_IN_Mayor_mayor_1,5125,2015,lafayette city,Mayor,Indiana,0,0.597614221113363,0.495025681365971,0.536683022571148,11,1,62.26341463414634,54319,48,52,88.2,9.4,12.6,2.1,9.435004326294669,10.902629352637495,none,0,0.543107641683494,1,0,0,1,1,1,0.5082233793518728,1,39
1851876_2015_11_muncie_IN_Mayor_mayor_1,3269,2015,muncie city,Mayor,Indiana,0,0.665879574970484,0.540547118380062,0.548430015965939,11,1,100,58231,46.9,53.1,87.5,11,2.7,2,5.613848293864093,10.972173137962086,none,0,0.5849522364388283,1,0,0,1,NA,1,0.4273791983220522,1,40
1973335_2015_11_sioux city_IA_Mayor_mayor_1,2126,2015,sioux city city,Mayor,Iowa,1,0.477215560105294,0.44558093346574,0.474094141550965,11,1,100,61449,49.2,50.8,85.7,4.8,18.1,3.6,3.459779654672981,11.025962841468765,none,0,0.465630211707333,1,0,0,1,1,1,0.5797871913907727,1,82
2079000_2015_4_wichita_KS_Mayor_mayor_1,35770,2015,wichita city,Mayor,Kansas,0,0.4755298008442,0.456367895039552,0.496969333253316,4,0,24.640760413754546,286124,49.4,50.6,79.3,13.4,16,5.8,12.501572744684122,12.564180562272789,none,0,0.476289009712356,1,0,0,1,NA,1,0.7161526673209756,1,41
2360545_2015_11_portland_ME_Mayor_mayor_1,17930,2015,portland city,Mayor,Maine,1,0.783081293146275,0.807028228630592,0.838097269624573,11,1,14.202031532373653,55318,49.1,50.9,88.3,9.2,3.1,4,32.41259626161466,10.9208536318352,none,0,0.80940226380048,1,0,0,1,NA,1,0.653666315331186,1,6
2545000_2015_11_new bedford_MA_Mayor_mayor_1,12198,2015,new bedford city,Mayor,Massachusetts,0,0.752100840336134,0.668358007643148,0.621278957669948,11,1,23.82357763567798,74037,47.1,52.9,74.9,9.9,18.3,1.5,16.475546010778395,11.212320247227956,none,0,0.6805792685497433,1,0,0,1,1,1,0.517443028341569,1,42
2634000_2015_8_grand rapids_MI_Mayor_mayor_1,20016,2015,grand rapids city,Mayor,Michigan,1,0.664308194704087,0.675904452690167,0.714555984150174,8,0,37.8635725063739,145989,48.9,51.1,72.2,23.4,15.6,2.9,13.710622033166883,11.891286555386332,none,0,0.684922877181476,1,0,0,1,NA,1,0.5237365198513828,1,39
2674900_2015_11_southfield_MI_Mayor_mayor_1,12469,2015,southfield city,Mayor,Michigan,1,0.889890851173467,0.892974753018661,0.877868068833652,11,0,14.187184216857808,58045,44.4,55.6,26.2,73,1.2,2.3,21.48160909639073,10.968973850772135,none,0,0.8869112243419267,1,0,0,1,NA,1,0.25569012099337285,1,72
2757220_2015_11_st. louis park_MN_Mayor_mayor_1,4320,2015,st. louis park city,Mayor,Minnesota,1,0.700267586789663,0.755374825859407,0.777045354191636,11,0,56.01851851851852,38332,48.5,51.5,85.9,9.3,4.3,5.2,11.269957215903162,10.554040335463652,none,0,0.7442292556135687,1,0,0,1,1,1,0.6450775646431657,1,84
3702140_2015_11_asheville_NC_City Council_at-large a_3,34396,2015,asheville city,City Council,North Carolina,1,0.776959693161193,0.767251361667453,0.79849615622019,11,1,0.34959478785952647,70227,46.5,53.5,84,13.4,6,2.7,48.97831318438777,11.15948813145298,none,0,0.7809024036829454,0,0,0,0,1,1,0.7597885578289092,1,33
3774440_2015_11_wilmington_NC_Mayor_mayor_1,5728,2015,wilmington city,Mayor,North Carolina,1,0.556261185843773,0.566009812269391,0.580486269572744,11,1,100,91821,47.1,52.9,77.6,19.6,5.6,2.1,6.238224371331177,11.427596308617357,none,0,0.5675857558953027,1,0,0,1,1,1,0.40483231942530246,1,68
3825700_2015_4_fargo_ND_Mayor_mayor_1,14464,2015,fargo city,Mayor,North Dakota,1,0.552027406042151,0.490412731892047,0.542139277235558,4,0,18.902101769911503,91083,49.6,50.4,91,4.6,2.9,3.8,15.88002151883447,11.419526457711646,none,0,0.5281931383899187,1,0,0,1,NA,1,0.6541749193763995,1,67
3925256_2015_11_elyria_OH_Mayor_mayor_1,11355,2015,elyria city,Mayor,Ohio,0,0.650897295475609,0.564294815250417,0.549272879047494,11,1,17.150038669760246,41559,47.6,52.4,82.2,19.6,5.5,1.4,27.322601602540963,10.634869383325988,none,0,0.5881549965911734,1,0,0,1,NA,1,0.467761691442052,1,43
4263624_2015_11_reading_PA_Mayor_mayor_1,9430,2015,reading city,Mayor,Pennsylvania,0,0.814846954875355,0.806429922252574,0.728532212404564,11,0,32.14601769911504,61188,48.9,51.1,66,19.8,61.2,1.1,15.41151859841799,11.021706370843155,none,0,0.783269696510831,1,0,0,1,NA,1,0.512270148692002,1,44
4550875_2015_11_north charleston_SC_Mayor_mayor_1,10568,2015,north charleston city,Mayor,South Carolina,0,0.621082836215359,0.626045682217502,0.657308046077701,11,1,31.136805484498108,78471,49.8,50.2,45.9,50.3,9.7,3.2,13.46739559837392,11.270484408764034,none,0,0.6348121881701874,1,0,0,1,NA,1,0.4472100215270638,1,46
4748000_2015_10_memphis_TN_Mayor_mayor_1,101174,2015,memphis city,Mayor,Tennessee,0,0.760758553138109,0.776561938029945,0.779222209981271,10,1,30.274376065726244,491567,47.6,52.4,31.6,63.9,6.7,2.1,20.58193491426398,13.105353526674714,none,0,0.7721809003831083,1,0,0,1,NA,1,0.32018374599693683,1,47
908000_2015_11_bridgeport_CT_Mayor_mayor_1,20736,2015,bridgeport city,Mayor,Connecticut,0,0.839265864683941,0.83196557553404,0.801479408236705,11,1,30.005224357113832,111115,48.5,51.5,42.8,38.3,39.3,4.2,18.66174683886064,11.61832098001557,none,0,0.8242369494848955,1,0,0,1,NA,1,0.5685045301625222,1,48
937000_2015_11_hartford_CT_City Council_synthetic at-large d_9,49290,2015,hartford city,City Council,Connecticut,0,0.921979841403549,0.923083936060293,0.87302958324336,11,1,0.08490930142802007,93736,48.6,51.4,40,41.4,44.2,3.1,52.58385252197662,11.448237599347992,none,0,0.906031120235734,0,0,0,0,1,1,0.744295971140864,1,49
937000_2015_11_hartford_CT_Mayor_mayor_1,9982,2015,hartford city,Mayor,Connecticut,0,0.921979841403549,0.923083936060293,0.87302958324336,11,0,61.238654564869194,93736,48.6,51.4,40,41.4,44.2,3.1,10.649056925834255,11.448237599347992,none,0,0.906031120235734,1,0,0,1,1,1,0.4618972760911841,1,50
952000_2015_11_new haven_CT_Mayor_mayor_1,12140,2015,new haven city,Mayor,Connecticut,1,0.884686722460982,0.888301221508626,0.8538469058559,11,1,81.94702210224396,101737,47.3,52.7,45.2,35.8,28.1,5.7,11.932728505853328,11.530146331014546,none,0,0.8756116166085026,1,0,0,1,NA,1,0.5624359028706539,1,16
980000_2015_11_waterbury_CT_Mayor_mayor_1,11510,2015,waterbury city,Mayor,Connecticut,0,0.638029361942405,0.607515210811141,0.603778337531486,11,1,58.13672111312765,82161,48.5,51.5,66,22.6,35.3,2.9,14.009079733693602,11.3164360159013,none,0,0.6164409700950108,1,0,0,1,NA,1,0.5332253119028504,1,51
2735180_2016_11_lakeville_MN_Mayor_mayor_1,28817,2016,lakeville city,Mayor,Minnesota,0,0.448431997316787,0.43567758509955,0.495098398728762,11,0,77.61043828295797,41994,49.9,50.1,91.7,2.9,3.5,5.7,68.62170786302805,10.645282029917595,president,0,0.459735993715033,1,1,0,1,1,1,0.8014916330189387,1,52
4419180_2016_11_cranston_RI_Mayor_mayor_1,35752,2016,cranston city,Mayor,Rhode Island,0,0.610997792617843,0.541173761621046,0.571700586067905,11,1,36.67487133586932,65127,49,51,84,6.9,13.3,6.7,54.895818938381936,11.084094488756865,president,0,0.5746240467689313,1,1,0,1,1,1,0.8539977085687441,1,53
4845000_2016_5_lubbock_TX_Mayor_mayor_1,21153,2016,lubbock city,Mayor,Texas,1,0.333504085559359,0.329988999483108,0.376480010389835,5,0,25.05896888689206,187162,49,51,81.2,9,34.5,3.1,11.301973691240743,12.139729830967084,none,0,0.34665769847743394,1,0,0,1,NA,1,0.6314900934503883,1,42
5157000_2016_5_norfolk_VA_Mayor_mayor_1,31695,2016,norfolk city,Mayor,Virginia,1,0.712487081894487,0.725714285714286,0.733247613304052,5,0,34.29706376182481,196024,52.1,47.9,50.5,44.4,7.4,4.5,16.168938497326856,12.185992379695982,none,0,0.7238163269709417,1,0,0,1,NA,1,0.5500499552443888,1,80
550450_2016_11_north little rock_AR_Mayor_mayor_1,20126,2016,north little rock city,Mayor,Arkansas,0,0.636007084399959,0.601118037004057,0.63039963039963,11,1,100,48507,47.4,52.6,54.9,44.8,6.5,1,41.49091883645659,10.789463396407925,president,0,0.6225082506012153,1,1,0,1,NA,1,0.40373291806828027,1,54
648354_2016_2_modesto_CA_Mayor_mayor_1,26492,2016,modesto city,Mayor,California,1,0.539128488285331,0.531079175447214,0.540530956714971,2,1,16.676732598520307,155083,49.1,50.9,75.8,5.1,38.6,8.9,17.082465518464307,11.951715736452025,none,0,0.5369128734825053,1,0,0,1,NA,1,0.8630020302989287,1,71
650258_2016_11_napa_CA_Mayor_mayor_1,27514,2016,napa city,Mayor,California,1,0.680429502748306,0.69949544590787,0.71642210029348,11,1,100,60792,49.4,50.6,79.9,1.2,39.7,3.8,45.2592446374523,11.01521348034962,president,0,0.6987823496498854,1,1,0,1,1,1,0.7617381769674885,1,38
1230000_2017_11_hialeah_FL_Mayor_mayor_1,14766,2017,hialeah city,Mayor,Florida,0,0.359791444023446,0.498377928341755,0.327025900565645,11,1,66.90812594133257,196484,47.5,52.5,94,2.8,96.4,0.4,7.515115734614524,12.188336282039876,none,0,0.39506509097694864,1,0,0,1,NA,1,0.5520422101124752,1,55
1245000_2017_11_miami_FL_Mayor_mayor_1,25471,2017,miami city,Mayor,Florida,1,0.608076882680391,0.705214823053742,0.596543778801843,11,0,88.00860215053764,363920,49.4,50.6,76.8,19.2,72.2,1.2,6.999065728731589,12.804689342243886,none,0,0.6366118281786587,1,0,0,1,NA,1,0.48303885229167265,1,81
2071000_2017_11_topeka_KS_Mayor_mayor_1,16097,2017,topeka city,Mayor,Kansas,1,0.550494174810888,0.553690226369603,0.587079755289892,11,0,3.1123811890414363,97274,47.9,52.1,83.7,13.3,14.3,2.2,16.54810123979686,11.485287017666272,none,0,0.5637547188234611,1,0,0,1,NA,1,0.5552781605915807,1,7
2208920_2017_3_bossier city_LA_Mayor_mayor_1,1,2017,bossier city city,Mayor,Louisiana,0,0.353473322768093,0.392052384926494,0.448901797059357,3,1,100,50551,49.8,50.2,69.3,27.8,8.9,3.4,0.00197820023342762,10.830738006646618,none,0,0.398142501584648,1,0,0,1,NA,1,0.46981159945011963,1,57
2545000_2017_11_new bedford_MA_Mayor_mayor_1,13867,2017,new bedford city,Mayor,Massachusetts,0,0.752100840336134,0.668358007643148,0.621278957669948,11,1,20.732674695319822,74043,47.3,52.7,70.1,8.3,20,2,18.728306524587065,11.21240128450515,none,0,0.6805792685497433,1,0,0,1,1,1,0.5565249937277784,1,58
2674900_2017_11_southfield_MI_Mayor_mayor_1,10628,2017,southfield city,Mayor,Michigan,1,0.889890851173467,0.892974753018661,0.877868068833652,11,1,94.39217162213022,59055,45.1,54.9,25.8,73.2,1.5,2.4,17.996782660231986,10.986224492045949,none,0,0.8869112243419267,1,0,0,1,NA,1,0.20865050192722973,1,37
2686000_2017_11_westland_MI_Mayor_mayor_1,12681,2017,westland city,Mayor,Michigan,0,0.659933627740469,0.587671348078379,0.598543834263534,11,1,15.842599164103778,66193,46.3,53.7,76,19.4,3.2,4.4,19.15761485353436,11.100329996152944,none,0,0.6153829366941274,1,0,0,1,NA,1,0.5964410590563556,1,59
3702140_2017_11_asheville_NC_Mayor_mayor_1,16075,2017,asheville city,Mayor,North Carolina,1,0.776959693161193,0.767251361667453,0.79849615622019,11,1,62.5280199252802,73397,47.3,52.7,85.1,13.3,5.9,2.5,21.901440113356134,11.203638341832722,none,0,0.7809024036829454,1,0,0,1,1,1,0.4944895654642076,1,15
3774440_2017_11_wilmington_NC_City Council_synthetic at-large b_3,29508,2017,wilmington city,City Council,North Carolina,1,0.556261185843773,0.566009812269391,0.580486269572744,11,1,2.0581239011273142,95121,46.9,53.1,78.3,19.2,6.3,2.1,31.021540984640616,11.462905044345566,none,0,0.5675857558953027,0,0,0,0,1,1,0.7224862973813883,1,70
3774440_2017_11_wilmington_NC_Mayor_mayor_1,10369,2017,wilmington city,Mayor,North Carolina,1,0.556261185843773,0.566009812269391,0.580486269572744,11,1,73.47863824862571,95121,46.9,53.1,78.3,19.2,6.3,2.1,10.900852598269571,11.462905044345566,none,0,0.5675857558953027,1,0,0,1,1,1,0.43440827636543755,1,25
3915000_2017_11_cincinnati_OH_Mayor_mayor_1,62491,2017,cincinnati city,Mayor,Ohio,1,0.754824251682543,0.780373070026315,0.78724507944036,11,1,7.042614136435647,233452,48.2,51.8,53.2,45.4,3.6,2.5,26.768243578979835,12.360731767507383,none,0,0.7741474670497394,1,0,0,1,NA,1,0.4368277771814948,1,40
4714000_2017_3_chattanooga_TN_Mayor_mayor_1,18780,2017,chattanooga city,Mayor,Tennessee,0,0.505216412689722,0.562444612732224,0.589840324085031,3,1,41.6474756421612,140294,46.9,53.1,62.9,34.6,5.6,2.8,13.386174747316351,11.851495499673588,none,0,0.552500449835659,1,0,0,1,NA,1,0.44067902885404797,1,60
4803000_2017_5_amarillo_TX_Mayor_mayor_1,14018,2017,amarillo city,Mayor,Texas,1,0.258885322439451,0.238332356961531,0.277607695524885,5,0,68.50936329588015,144261,49,51,85.8,7.9,31.8,4.7,9.717109960418965,11.8793794379621,none,0,0.258275124975289,1,0,0,1,NA,1,0.6574628511239907,1,13
4824000_2017_6_el paso_TX_Mayor_mayor_1,30095,2017,el paso city,Mayor,Texas,1,0.654364766929319,0.718874742997211,0.681157006190208,6,0,13.999003156670543,493530,48.7,51.3,84.1,4.6,80.8,2,6.097906915486393,13.109338926281575,none,0,0.6847988387055793,1,0,0,1,NA,1,0.6642289760257083,1,43
644000_2017_3_los angeles_CA_Mayor_mayor_1,407147,2017,los angeles city,Mayor,California,0,0.795885053415068,0.827342780032484,0.78129834964421,3,1,81.76980177649519,3109581,49.5,50.5,55,10,48.7,13.2,13.093307426305987,14.94999854839086,none,0,0.801508727697254,1,0,0,1,NA,1,0.9178996703468539,1,61
908420_2017_11_bristol_CT_Mayor_mayor_1,12485,2017,bristol city,Mayor,Connecticut,0,0.610111200275135,0.494990297413964,0.527785363189514,11,0,19.07088506207449,48103,49.1,50.9,88.7,6.3,14.7,2.7,25.95472215870112,10.78109982421129,none,0,0.5442956202928709,1,0,0,1,NA,1,0.6030273626787612,1,62
952000_2017_11_new haven_CT_Mayor_mayor_1,11359,2017,new haven city,Mayor,Connecticut,1,0.884686722460982,0.888301221508626,0.8538469058559,11,1,68.08855806851798,101929,47.3,52.7,45.6,35.3,30.4,5.3,11.14403162986,11.532031771459962,none,0,0.8756116166085026,1,0,0,1,NA,1,0.5638157797251137,1,79
1304204_2018_5_augusta-richmond county_GA_Mayor_mayor_1,29872,2018,augusta-richmond county consolidated government (balance),Mayor,Georgia,1,0.60011458034947,0.672923154616615,0.695059543737147,5,1,12.258971612212106,150924,48.3,51.7,39,58.6,4.8,2.5,19.79274336752273,11.924531677835157,none,0,0.6560324262344106,1,0,0,1,1,1,0.37880219096235423,1,1
1938595_2018_1_iowa city_IA_Mayor_mayor_1,1,2018,iowa city city,Mayor,Iowa,1,0.659642147117296,0.783844406587166,0.808508929288602,1,0,100,62569,50.3,49.7,80.8,9.4,5.8,8.7,0.00159823554795505,11.044025226764646,none,0,0.7506651609976879,1,0,0,1,0,1,0.7657914813007353,1,63
2708794_2018_11_burnsville_MN_City Council_synthetic at-large c_2,38382,2018,burnsville city,City Council,Minnesota,1,0.540344180032632,0.564032971451548,0.616331877729258,11,1,2.0514198692107857,47338,48.4,51.6,76.8,16.5,7.9,6.1,81.08073851873759,10.765068634604756,midterm,1,0.5735696764044792,0,0,1,0,1,1,0.8579069779869896,1,36
2717288_2018_11_eagan_MN_Mayor_mayor_1,27333,2018,eagan city,Mayor,Minnesota,0,0.556295317933098,0.596122171814951,0.648506821868142,11,1,100,51134,48.6,51.4,81.5,9.7,5,9.3,53.45367074744788,10.84220491697184,midterm,1,0.6003081038720637,1,0,1,1,NA,1,0.7666166367820174,1,63
2735180_2018_11_lakeville_MN_City Council_synthetic at-large c_2,37897,2018,lakeville city,City Council,Minnesota,0,0.448431997316787,0.43567758509955,0.495098398728762,11,1,40.586849432426646,44363,50,50,89.8,3.6,4.8,6.7,85.42479092937808,10.700161067671738,midterm,1,0.459735993715033,0,0,1,0,1,1,0.8831183112460427,1,64
2735180_2018_11_lakeville_MN_Mayor_mayor_1,27203,2018,lakeville city,Mayor,Minnesota,0,0.448431997316787,0.43567758509955,0.495098398728762,11,1,73.39999264786972,44363,50,50,89.8,3.6,4.8,6.7,61.31911728242003,10.700161067671738,midterm,1,0.459735993715033,1,0,1,1,1,1,0.7267105562582633,1,65
3451000_2018_5_newark_NJ_City Council_synthetic at-large c_4,78400,2018,newark city,City Council,New Jersey,0,0.944970561893436,0.932894904865279,0.876765132432639,5,1,0.7136909718092066,210621,48.9,51.1,27.8,51.4,36.4,2.4,37.22325883933701,12.257815588810509,none,0,0.9182101997304514,0,0,0,0,1,1,0.6792175860535901,1,66
3451000_2018_5_newark_NJ_Mayor_mayor_1,28604,2018,newark city,Mayor,New Jersey,0,0.944970561893436,0.932894904865279,0.876765132432639,5,1,54.48189064466508,210621,48.9,51.1,27.8,51.4,36.4,2.4,13.58079203878056,12.257815588810509,none,0,0.9182101997304514,1,0,0,1,1,1,0.40374729091197814,1,68
3825700_2018_6_fargo_ND_Mayor_mayor_1,8991,2018,fargo city,Mayor,North Dakota,1,0.552027406042151,0.490412731892047,0.542139277235558,6,1,100,95921,50.6,49.4,88.1,6.9,2.8,4.7,9.37333847645458,11.471280215001514,none,0,0.5281931383899187,1,0,0,1,NA,1,0.6232365889114374,1,93
423620_2018_11_flagstaff_AZ_Mayor_mayor_1,18664,2018,flagstaff city,Mayor,Arizona,1,0.626453211358872,0.67115169586284,0.692409014116771,11,1,100,58425,49.5,50.5,82.3,3.4,19,4.4,31.945228925973467,10.97549915940706,midterm,1,0.6633379737794943,1,0,1,1,NA,1,0.6135809127628695,1,88
4459000_2018_11_providence_RI_Mayor_mayor_1,42123,2018,providence city,Mayor,Rhode Island,0,0.834484019935074,0.854650722773027,0.819127778961574,11,1,31.54745915850651,138798,48.2,51.8,57.3,18.3,43,7.4,30.348420006051963,11.840774917729126,midterm,1,0.8360875072232249,1,0,1,1,NA,1,0.7639926060723833,1,69
455000_2018_5_phoenix_AZ_Mayor_mayor_1,1,2018,phoenix city,Mayor,Arizona,1,0.510066382710353,0.577146284739215,0.603115229125516,5,0,100,1183567,49.8,50.2,75.5,8.4,42.6,4.7,8.449035838275315e-5,13.984043318078616,none,0,0.5634426321916947,1,0,0,1,NA,1,0.6520584806929364,1,97
4845000_2018_5_lubbock_TX_Mayor_mayor_1,14604,2018,lubbock city,Mayor,Texas,1,0.333504085559359,0.329988999483108,0.376480010389835,5,1,61.84659090909091,192288,49.2,50.8,82.6,9.3,35.2,3.2,7.594857713429855,12.166749527133655,none,0,0.34665769847743394,1,0,0,1,NA,1,0.6098509300063247,1,57
541000_2018_12_little rock_AR_Mayor_mayor_1,39001,2018,little rock city,Mayor,Arkansas,1,0.43649422168759,0.693844715201188,0.708625316833159,12,0,16.2431732519679,151518,47.6,52.4,52.4,42.9,7.3,3.7,25.740176084689608,11.928459708755176,none,0,0.612988084573979,1,0,0,1,1,1,0.478151119501442,1,31
614890_2018_11_colton_CA_Mayor_mayor_1,9342,2018,colton city,Mayor,California,1,0.698407718252412,0.735365949736075,0.684306035239712,11,1,54.74202526225648,38911,47.1,52.9,66.8,8.4,69.3,5.5,24.00863509033435,10.569032265982456,midterm,1,0.706026567742733,1,0,1,1,NA,1,0.7153533503200102,1,18
622804_2018_11_escondido_CA_Mayor_mayor_1,40822,2018,escondido city,Mayor,California,1,0.458388003748828,0.522029430195121,0.561552923783966,11,1,3.782274263877321,113692,50.1,49.9,77.4,3.4,51.9,9.1,35.905780529852585,11.64124831666514,midterm,1,0.5139901192426384,1,0,1,1,1,1,0.8832684745753967,1,64
655156_2018_11_palmdale_CA_Mayor_mayor_1,37887,2018,palmdale city,Mayor,California,1,0.62821910129854,0.661098228155886,0.64619527734901006,11,1,12.819479429051215,109504,49.4,50.6,46,14.5,60.2,6.2,34.598736119228526,11.603716357251866,midterm,1,0.6451708689344787,1,0,1,1,1,1,0.7750569743114574,1,28
656784_2018_11_petaluma_CA_Mayor_mayor_1,27016,2018,petaluma city,Mayor,California,1,0.758853541416567,0.770701374942067,0.770959324635457,11,1,12.858192505510656,47614,49.4,50.6,82.7,1.7,21.1,6.9,56.7396143991263,10.770882114622454,midterm,1,0.7668380803313637,1,0,1,1,1,1,0.7985794026205281,1,78
1714000_2019_4_chicago_IL_Mayor_mayor_1,523804,2019,chicago city,Mayor,Illinois,0,0.861763339177313,0.870783569275384,0.838905094905095,4,0,47.39826347259662,2143207,48.6,51.4,52.3,30.8,28.8,7.7,24.44019639726821,14.577813863351286,none,0,0.8571506677859307,1,0,0,1,NA,1,0.721536973477494,1,70
1805860_2019_11_bloomington_IN_Mayor_mayor_1,1,2019,bloomington city,Mayor,Indiana,0,0.755401351474198,0.78289886066148,0.80499599902585,11,1,100,74768,50,50,85,5.5,4.4,11.6,0.00133747057564733,11.222145264940208,none,0,0.7810987370538426,1,0,0,1,NA,1,0.8630841939993003,1,71
1827000_2019_11_gary_IN_Mayor_mayor_1,6100,2019,gary city,Mayor,Indiana,0,0.970764486121907,0.950217066400968,0.928521972875005,11,0,100,57841,46,54,17.3,80.7,8,0.4,10.546152383257551,10.9654531457565,none,0,0.94983450846596,1,0,0,1,NA,1,0.13694097714174794,1,72
1840788_2019_11_lafayette_IN_City Council_synthetic at-large d_1,10466,2019,lafayette city,City Council,Indiana,0,0.597614221113363,0.495025681365971,0.536683022571148,11,1,1.0309278350515465,56434,49.9,50.1,85.9,10,13.5,1.8,18.545557642555902,10.940827092732423,none,0,0.543107641683494,0,0,0,0,1,1,0.7761662451897209,1,73
1840788_2019_11_lafayette_IN_Mayor_mayor_1,3600,2019,lafayette city,Mayor,Indiana,0,0.597614221113363,0.495025681365971,0.536683022571148,11,1,100,56434,49.9,50.1,85.9,10,13.5,1.8,6.379133146684622,10.940827092732423,none,0,0.543107641683494,1,0,0,1,1,1,0.47423900888531134,1,74
1851876_2019_11_muncie_IN_Mayor_mayor_1,11583,2019,muncie city,Mayor,Indiana,0,0.665879574970484,0.540547118380062,0.548430015965939,11,0,25.087842586085735,57301,47.9,52.1,86.4,13.3,3.4,2.1,20.214306905638647,10.956073354557526,none,0,0.5849522364388283,1,0,0,1,NA,1,0.5097587237786069,1,75
1973335_2019_11_sioux city_IA_Mayor_mayor_1,9401,2019,sioux city city,Mayor,Iowa,1,0.477215560105294,0.44558093346574,0.474094141550965,11,1,36.602489096904584,60733,49.2,50.8,86.7,6.3,19.6,4.1,15.479228755371874,11.01424248665062,none,0,0.465630211707333,1,0,0,1,1,1,0.6661992413486577,1,30
2079000_2019_11_wichita_KS_Mayor_mayor_1,49569,2019,wichita city,Mayor,Kansas,0,0.4755298008442,0.456367895039552,0.496969333253316,11,1,12.65099773959118,291462,49.2,50.8,78.3,13.1,17.2,5.9,17.007019783024887,12.582664916069222,none,0,0.476289009712356,1,0,0,1,NA,1,0.7403713229746666,1,76
2360545_2019_11_portland_ME_Mayor_mayor_1,16902,2019,portland city,Mayor,Maine,1,0.783081293146275,0.807028228630592,0.838097269624573,11,0,23.772334634954444,56187,48.6,51.4,87.3,9.4,3,4.5,30.081691494473812,10.936440692397964,none,0,0.80940226380048,1,0,0,1,NA,1,0.6482816791360454,1,51
2545000_2019_11_new bedford_MA_City Council_synthetic at-large d_5,36417,2019,new bedford city,City Council,Massachusetts,0,0.752100840336134,0.668358007643148,0.621278957669948,11,1,1.9708029197080292,73446,48.2,51.8,67.1,10.2,20.8,2,49.583367371946736,11.204305721303568,none,0,0.6805792685497433,0,0,0,0,1,1,0.7731913135540631,1,77
2545000_2019_11_new bedford_MA_Mayor_mayor_1,9261,2019,new bedford city,Mayor,Massachusetts,0,0.752100840336134,0.668358007643148,0.621278957669948,11,1,46.37728107115862,73446,48.2,51.8,67.1,10.2,20.8,2,12.609263949023772,11.204305721303568,none,0,0.6805792685497433,1,0,0,1,1,1,0.5322411908112555,1,79
2634000_2019_11_grand rapids_MI_Mayor_mayor_1,28193,2019,grand rapids city,Mayor,Michigan,1,0.664308194704087,0.675904452690167,0.714555984150174,11,1,68.24743730713297,154349,49.4,50.6,72.2,22.3,16.1,3.3,18.265748401350187,11.946971551127328,none,0,0.684922877181476,1,0,0,1,NA,1,0.5322862544865314,1,75
3774440_2019_11_wilmington_NC_City Council_synthetic at-large d_3,38469,2019,wilmington city,City Council,North Carolina,1,0.556261185843773,0.566009812269391,0.580486269572744,11,1,6.673137587964086,98773,46.4,53.6,78.4,19.5,6.3,2.1,38.946878195458275,11.500579567036128,none,0,0.5675857558953027,0,0,0,0,1,1,0.7119854834471818,1,34
3774440_2019_11_wilmington_NC_Mayor_mayor_1,14924,2019,wilmington city,Mayor,North Carolina,1,0.556261185843773,0.566009812269391,0.580486269572744,11,1,4.087376038595551,98773,46.4,53.6,78.4,19.5,6.3,2.1,15.109392242819396,11.500579567036128,none,0,0.5675857558953027,1,0,0,1,1,1,0.5056250338870878,1,96
3925256_2019_11_elyria_OH_Mayor_mayor_1,8075,2019,elyria city,Mayor,Ohio,0,0.650897295475609,0.564294815250417,0.549272879047494,11,1,8.087615838247682,41576,48,52,81.6,20.1,7.1,1.4,19.42226284394843,10.635278356688278,none,0,0.5881549965911734,1,0,0,1,NA,1,0.48324883358658877,1,80
4263624_2019_11_reading_PA_Mayor_mayor_1,8103,2019,reading city,Mayor,Pennsylvania,0,0.814846954875355,0.806429922252574,0.728532212404564,11,0,61.61915339997532,62384,48.9,51.1,67.2,23.2,67,1.2,12.988907412156964,11.04106411122238,none,0,0.783269696510831,1,0,0,1,NA,1,0.47662571989212593,1,81
455000_2019_3_phoenix_AZ_Mayor_mayor_1,142134,2019,phoenix city,Mayor,Arizona,1,0.510066382710353,0.577146284739215,0.603115229125516,3,0,17.141570630531753,1206739,49.8,50.2,76.1,8.6,42.6,5,11.778354722935116,14.00343223808861,none,0,0.5634426321916947,1,0,0,1,NA,1,0.7430692503903474,1,49
4550875_2019_11_north charleston_SC_Mayor_mayor_1,12017,2019,north charleston city,Mayor,South Carolina,0,0.621082836215359,0.626045682217502,0.657308046077701,11,1,16.111685625646327,84028,49,51,48.5,46.9,11.4,3,14.30118531917932,11.338905355615571,none,0,0.6348121881701874,1,0,0,1,NA,1,0.4607153318545908,1,82
4748000_2019_10_memphis_TN_Mayor_mayor_1,96291,2019,memphis city,Mayor,Tennessee,0,0.760758553138109,0.776561938029945,0.779222209981271,10,1,36.75725051381594,489126,47.3,52.7,30.4,65,7.2,2.1,19.686338489468973,13.100375403977784,none,0,0.7721809003831083,1,0,0,1,NA,1,0.30697685043582346,1,83
4803000_2019_5_amarillo_TX_Mayor_mayor_1,16733,2019,amarillo city,Mayor,Texas,1,0.258885322439451,0.238332356961531,0.277607695524885,5,1,44.045368620037806,145291,49.3,50.7,85.1,7.9,33.1,4.8,11.516886799595296,11.88649390682785,none,0,0.258275124975289,1,0,0,1,NA,1,0.7011920109003787,1,5
4848072_2019_11_midland_TX_Mayor_mayor_1,21457,2019,midland city,Mayor,Texas,1,0.230103009725499,0.231023102310231,0.236808051761323,11,1,23.263908071377273,100369,50.9,49.1,82.7,8.5,44.2,2.9,21.378114756548335,11.516608673621818,none,0,0.2326447212656843,1,0,0,1,0,1,0.6688444163792836,1,91
843000_2019_11_lakewood_CO_Mayor_mayor_1,44337,2019,lakewood city,Mayor,Colorado,1,0.595907853951715,0.590253255352019,0.644539590623009,11,1,9.416514423619098,126575,49.3,50.7,90.9,2.5,23,4.6,35.02824412403713,11.74859029683811,none,0,0.6102335666422477,1,0,0,1,NA,1,0.732975592164112,1,14
908000_2019_11_bridgeport_CT_Mayor_mayor_1,15997,2019,bridgeport city,Mayor,Connecticut,0,0.839265864683941,0.83196557553404,0.801479408236705,11,1,33.901026034759546,111968,48.3,51.7,43.4,38.6,40.8,4.2,14.28711774792798,11.625968395167414,none,0,0.8242369494848955,1,0,0,1,NA,1,0.5622078671571983,1,84
908420_2019_11_bristol_CT_Mayor_mayor_1,11911,2019,bristol city,Mayor,Connecticut,0,0.610111200275135,0.494990297413964,0.527785363189514,11,1,15.506674502560658,48001,48.6,51.4,87.5,7.5,17.3,2.7,24.814066373617216,10.778977123006351,none,0,0.5442956202928709,1,0,0,1,NA,1,0.6102729436488865,1,85
937000_2019_11_hartford_CT_City Council_synthetic at-large d_9,46016,2019,hartford city,City Council,Connecticut,0,0.921979841403549,0.923083936060293,0.87302958324336,11,1,0.3882418191902385,94125,47.6,52.4,36,42.7,44.3,3.4,48.888180610889776,11.452378965102197,none,0,0.906031120235734,0,0,0,0,1,1,0.7410928391727752,1,86
937000_2019_11_hartford_CT_Mayor_mayor_1,9986,2019,hartford city,Mayor,Connecticut,0,0.921979841403549,0.923083936060293,0.87302958324336,11,1,72.37643872714963,94125,47.6,52.4,36,42.7,44.3,3.4,10.60929614873838,11.452378965102197,none,0,0.906031120235734,1,0,0,1,1,1,0.4571916960001599,1,87
952000_2019_11_new haven_CT_Mayor_mayor_1,17430,2019,new haven city,Mayor,Connecticut,1,0.884686722460982,0.888301221508626,0.8538469058559,11,1,41.90421234852856,100915,47.5,52.5,47.5,35.2,31.2,5.9,17.27196155180102,11.52203385733422,none,0,0.8756116166085026,1,0,0,1,NA,1,0.6245785238102431,1,62
980000_2019_11_waterbury_CT_Mayor_mayor_1,10890,2019,waterbury city,Mayor,Connecticut,0,0.638029361942405,0.607515210811141,0.603778337531486,11,1,54.957948291973835,81559,47.9,52.1,64.5,24.7,37.4,3,13.35229711006756,11.309081963701011,none,0,0.6164409700950108,1,0,0,1,NA,1,0.52768787637973,1,88
4419180_2020_11_cranston_RI_Mayor_mayor_1,39986,2020,cranston city,Mayor,Rhode Island,0,0.610997792617843,0.541173761621046,0.571700586067905,11,0,8.422948031811133,64534,50.2,49.8,79.8,8.1,15.9,8.3,61.961136765116066,11.074947495681656,president,0,0.5746240467689313,1,1,0,1,1,1,0.9015863667537689,1,90
4824000_2020_12_el paso_TX_Mayor_mayor_1,54290,2020,el paso city,Mayor,Texas,1,0.654364766929319,0.718874742997211,0.681157006190208,12,1,59.07902007736232,498859,49,51,81.3,4.8,81.5,2.2,10.882834628622517,13.120078769674349,none,0,0.6847988387055793,1,0,0,1,NA,1,0.6407213035636645,1,95
5157000_2020_5_norfolk_VA_Mayor_mayor_1,12254,2020,norfolk city,Mayor,Virginia,1,0.712487081894487,0.725714285714286,0.733247613304052,5,1,99.96735759751918,196389,52.2,47.8,51,44,8.4,5,6.2396570072661905,12.187852665187348,none,0,0.7238163269709417,1,0,0,1,NA,1,0.5155872184850044,1,50
535710_2020_11_jonesboro_AR_Mayor_mayor_1,25103,2020,jonesboro city,Mayor,Arkansas,0,0.370885585710344,0.376597984659347,0.392015913920159,11,0,7.58362413822453,58556,48.3,51.7,74.3,23,6.4,2.2,42.87007309242434,10.977738840291302,president,0,0.37983316142995,1,1,0,1,NA,1,0.6533202898162592,1,91
541000_2020_11_little rock_AR_City Council_9 at-large_1,78653,2020,little rock city,City Council,Arkansas,1,0.43649422168759,0.693844715201188,0.708625316833159,11,0,28.75603431920231,151618,47.5,52.5,52.2,42.2,7.5,3.8,51.87576672954398,11.929119478651378,president,0,0.612988084573979,0,1,0,0,1,1,0.8018926120870782,1,52
550450_2020_12_north little rock_AR_Mayor_mayor_1,10653,2020,north little rock city,Mayor,Arkansas,0,0.636007084399959,0.601118037004057,0.63039963039963,12,0,7.143527644794894,49706,47.6,52.4,51.8,46.5,6.2,1.6,21.432020279241943,10.8138809291442,none,0,0.6225082506012153,1,0,0,1,NA,1,0.3688969522752303,1,92
622678_2020_11_encinitas_CA_Mayor_mayor_1,38117,2020,encinitas city,Mayor,California,1,0.623877507534017,0.667748235887097,0.684101370833123,11,1,10.04538657292022,49646,49.7,50.3,92.1,1,15.9,6.9,76.77758530395198,10.812673102280236,president,0,0.6585757047514124,1,1,0,1,1,1,0.8881158679227096,1,32
648354_2020_11_modesto_CA_Mayor_mayor_1,83733,2020,modesto city,Mayor,California,1,0.539128488285331,0.531079175447214,0.540530956714971,11,1,10.210858376224472,158061,49.1,50.9,76.5,6,40.7,9.5,52.97511720158673,11.970736313450328,president,0,0.5369128734825053,1,1,0,1,NA,1,0.9311138003863996,1,26
1230000_2021_11_hialeah_FL_Mayor_mayor_1,22155,2021,hialeah city,Mayor,Florida,0,0.359791444023446,0.498377928341755,0.327025900565645,11,0,46.35512971367737,186199,48.7,51.3,91.3,2.2,95.8,0.7,11.898560142643086,12.134571273241402,none,0,0.39506509097694864,1,0,0,1,NA,1,0.5945998591296466,1,93
1245000_2021_11_miami_FL_Mayor_mayor_1,27330,2021,miami city,Mayor,Florida,1,0.608076882680391,0.705214823053742,0.596543778801843,11,1,74.30634431283465,366435,50.4,49.6,77.2,16.4,72.3,1.9,7.458348683941216,12.811576431237452,none,0,0.6366118281786587,1,0,0,1,NA,1,0.569106279830529,1,20
1756640_2021_4_orland park_IL_Mayor_mayor_1,13805,2021,orland park village,Mayor,Illinois,1,0.471034088745001,0.447377442577991,0.4757333166552,4,1,2.5715320536037667,46507,50.8,49.2,89.1,4.1,8.6,5.7,29.683703528501088,10.747358117880204,none,0,0.464714949326064,1,0,0,1,NA,1,0.7718520059465268,1,2
2053775_2021_11_overland park_KS_Mayor_mayor_1,39773,2021,overland park city,Mayor,Kansas,1,0.462492182442589,0.503125971469034,0.561805226518934,11,0,1.7926734216679656,150904,49.8,50.2,84.1,6.4,6.9,9.7,26.35649154429306,11.92439915202556,none,0,0.5091411268101856,1,0,0,1,NA,1,0.8665556211797026,1,12
2071000_2021_11_topeka_KS_Mayor_mayor_1,15342,2021,topeka city,Mayor,Kansas,1,0.550494174810888,0.553690226369603,0.587079755289892,11,0,22.343892582453396,97810,48.2,51.8,81.8,13.7,15.8,2.5,15.68551272875984,11.49078210028454,none,0,0.5637547188234611,1,0,0,1,NA,1,0.5521009743833982,1,3
2208920_2021_3_bossier city_LA_Mayor_mayor_1,8226,2021,bossier city city,Mayor,Louisiana,0,0.353473322768093,0.392052384926494,0.448901797059357,3,1,12.399708242159008,48177,49.6,50.4,66.9,29.5,10.4,3.3,17.07453764244349,10.7826370077296,none,0,0.398142501584648,1,0,0,1,NA,1,0.5567025195426726,1,94
2537490_2021_11_lynn_MA_Mayor_mayor_1,12542,2021,lynn city,Mayor,Massachusetts,1,0.699292981548543,0.70417791898332,0.702881409068886,11,0,27.459735289427524,76237,49.8,50.2,58.4,19.5,41.8,6.4,16.451329406980864,11.241602188131,none,0,0.7021174365335829,1,0,0,1,NA,1,0.7423794365206184,1,86
2674900_2021_11_southfield_MI_Mayor_mayor_1,15601,2021,southfield city,Mayor,Michigan,1,0.889890851173467,0.892974753018661,0.877868068833652,11,1,13.97987308505865,61218,46.3,53.7,29.4,72,1.7,2.2,25.48433467280865,11.02219654290336,none,0,0.8869112243419267,1,0,0,1,NA,1,0.28498187937183705,1,24
2686000_2021_11_westland_MI_Mayor_mayor_1,12071,2021,westland city,Mayor,Michigan,0,0.659933627740469,0.587671348078379,0.598543834263534,11,1,44.213404026178445,66477,46.4,53.6,71.5,25.9,4.9,4.7,18.15815996510071,11.104611302157316,none,0,0.6153829366941274,1,0,0,1,NA,1,0.5558139901951314,1,95
3915000_2021_11_cincinnati_OH_Mayor_mayor_1,52460,2021,cincinnati city,Mayor,Ohio,1,0.754824251682543,0.780373070026315,0.78724507944036,11,0,31.685093404498662,242557,48.4,51.6,54.8,43.5,4.4,3.2,21.62790601796691,12.39899201328578,none,0,0.7741474670497394,1,0,0,1,NA,1,0.4425339675660192,1,45
4714000_2021_4_chattanooga_TN_Mayor_mayor_1,26631,2021,chattanooga city,Mayor,Tennessee,0,0.505216412689722,0.562444612732224,0.589840324085031,4,0,19.92790357102625,144094,47.5,52.5,64,32.7,7.3,3.1,18.4816855663664,11.878221143369176,none,0,0.552500449835659,1,0,0,1,NA,1,0.4860533487765951,1,96
908420_2021_11_bristol_CT_Mayor_mayor_1,13241,2021,bristol city,Mayor,Connecticut,0,0.610111200275135,0.494990297413964,0.527785363189514,11,1,4.478513707423911,47954,48.9,51.1,85.9,8.5,17.4,2.6,27.611878049797724,10.777997497061715,none,0,0.5442956202928709,1,0,0,1,NA,1,0.6174786764917598,1,97
952000_2021_11_new haven_CT_Mayor_mayor_1,12621,2021,new haven city,Mayor,Connecticut,1,0.884686722460982,0.888301221508626,0.8538469058559,11,1,72.14516129032258,103943,46.7,53.3,46.4,37.2,30.3,5.9,12.14223180012122,11.551597950951376,none,0,0.8756116166085026,1,0,0,1,NA,1,0.5722931842845246,1,8
